{"comfort": {"0": 0.3979400086720376}, "casual": {"0": 0.3979400086720376, "4": 0.3979400086720376}, "t-shirt": {"0": 0.3979400086720376}, "hane": {"0": 0.3979400086720376}, "blue": {"0": 0.3979400086720376, "1": 0.3979400086720376}, "cotton": {"0": 0.3979400086720376, "4": 0.3979400086720376}, "4.5": {"0": 0.3979400086720376}, "stylish": {"1": 0.3979400086720376}, "durabl": {"1": 0.3979400086720376, "6": 0.3979400086720376}, "jean": {"1": 0.3979400086720376}, "everyday": {"1": 0.3979400086720376}, "wear": {"1": 0.3979400086720376}, "levi": {"1": 0.3979400086720376}, "'s": {"1": 0.3979400086720376}, "dark": {"1": 0.3979400086720376}, "denim": {"1": 0.3979400086720376}, "4.7": {"1": 0.3979400086720376}, "lightweight": {"2": 0.3979400086720376}, "run": {"2": 0.3979400086720376}, "shoe": {"2": 0.3979400086720376}, "activ": {"2": 0.3979400086720376}, "lifestyl": {"2": 0.3979400086720376}, "nike": {"2": 0.3979400086720376}, "black": {"2": 0.3979400086720376, "3": 0.3979400086720376, "6": 0.3979400086720376, "9": 0.3979400086720376}, "synthet": {"2": 0.3979400086720376}, "4.8": {"2": 0.3979400086720376}, "premium": {"3": 0.3979400086720376}, "leather": {"3": 0.6020599913279624}, "jacket": {"3": 0.3979400086720376}, "zipper": {"3": 0.3979400086720376}, "pocket": {"3": 0.3979400086720376}, "zara": {"3": 0.3979400086720376}, "4.6": {"3": 0.3979400086720376, "8": 0.3979400086720376}, "smart": {"4": 0.3979400086720376}, "shirt": {"4": 0.3979400086720376}, "perfect": {"4": 0.3979400086720376}, "formal": {"4": 0.3979400086720376}, "occas": {"4": 0.3979400086720376}, "uniqlo": {"4": 0.3979400086720376}, "white": {"4": 0.3979400086720376}, "4.3": {"4": 0.3979400086720376}, "warm": {"5": 0.3979400086720376}, "soft": {"5": 0.3979400086720376}, "scarf": {"5": 0.3979400086720376}, "cold": {"5": 0.3979400086720376}, "weather": {"5": 0.3979400086720376}, "h": {"5": 0.3979400086720376}, "m": {"5": 0.3979400086720376}, "red": {"5": 0.3979400086720376}, "wool": {"5": 0.3979400086720376}, "4.2": {"5": 0.3979400086720376}, "water-resist": {"6": 0.3979400086720376}, "watch": {"6": 0.3979400086720376}, "sport": {"6": 0.3979400086720376}, "adida": {"6": 0.3979400086720376}, "plastic": {"6": 0.3979400086720376, "9": 0.3979400086720376}, "4.1": {"6": 0.3979400086720376}, "light": {"7": 0.3979400086720376}, "summer": {"7": 0.3979400086720376}, "dress": {"7": 0.3979400086720376}, "floral": {"7": 0.3979400086720376}, "print": {"7": 0.3979400086720376}, "forev": {"7": 0.3979400086720376}, "21": {"7": 0.3979400086720376}, "yellow": {"7": 0.3979400086720376}, "polyest": {"7": 0.3979400086720376}, "4.0": {"7": 0.3979400086720376}, "spacious": {"8": 0.3979400086720376}, "backpack": {"8": 0.3979400086720376}, "multipl": {"8": 0.3979400086720376}, "compart": {"8": 0.3979400086720376}, "north": {"8": 0.3979400086720376}, "face": {"8": 0.3979400086720376}, "gray": {"8": 0.3979400086720376}, "nylon": {"8": 0.3979400086720376}, "uv": {"9": 0.3979400086720376}, "protect": {"9": 0.3979400086720376}, "sunglass": {"9": 0.3979400086720376}, "sunni": {"9": 0.3979400086720376}, "day": {"9": 0.3979400086720376}, "ray-ban": {"9": 0.3979400086720376}, "4.9": {"9": 0.3979400086720376}}